unit procedure,sampling point,parameter name,parameter detail,run number,batch number,date of manufacture,process start,parameter date,local id,value_text(reported),value_num(recorded/full precision),uom,LAL,UAL,LCL,UCL,lrl,ucl.1,cl,nel1,nel2,nel3,nel4,ppk,rep,control_precision,action_precision,rejection_precision,scale,summary table,disposition_date,result type,source_system,ctrl_violation,action_violation,rej_violation,spec status,ctrl status
PRJU:APR1-DP-ADL,.,Immunoassay,PRDS-000438,10319110,10319110,1/20/2017 0:00,1/17/2017 0:00,1/20/2017 0:00,.,206.1,1.0305,ug/mL,0.8,1.2,0.86,1.14,.,.,1,Y,Y,Y,Y,Y,E,.,.,.,LIN,.,.,Number,SMLIMS,.,.,.,0,0
PRJU:APR1-DP-ADL,.,Immunoassay,PRDS-000436,10309189,10309189,10/10/2016 0:00,10/10/2016 0:00,10/10/2016 0:00,.,203.5,1.0175,ug/mL,0.8,1.2,0.86,1.14,.,.,1,Y,Y,Y,Y,Y,E,.,.,.,LIN,.,.,Number,SMLIMS,.,.,.,0,0
PRJU:APR1-DP-ADL,.,Immunoassay,PRDS-000674,10309190,10309190,10/17/2016 0:00,10/17/2016 0:00,10/17/2016 0:00,.,490.9,0.9818,ug/mL,0.8,1.2,0.86,1.14,.,.,1,Y,Y,Y,Y,Y,E,.,.,.,LIN,.,.,Number,SMLIMS,.,.,.,0,0
PRJU:APR1-DP-ADL,.,Immunoassay,PRDS-000436,10311705,10311705,10/24/2016 0:00,10/24/2016 0:00,10/24/2016 0:00,.,193.8,0.9690000000000001,ug/mL,0.8,1.2,0.86,1.14,.,.,1,Y,Y,Y,Y,Y,E,.,.,.,LIN,.,.,Number,SMLIMS,.,.,.,0,0
PRJU:APR1-DP-ADL,.,Immunoassay,PRDS-000438,10309193,10309193,10/25/2016 0:00,10/25/2016 0:00,10/25/2016 0:00,.,199.2,0.996,ug/mL,0.8,1.2,0.86,1.14,.,.,1,Y,Y,Y,Y,Y,E,.,.,.,LIN,.,.,Number,SMLIMS,.,.,.,0,0
PRJU:APR1-DP-ADL,.,Immunoassay,PRDS-000433,10310630,10310630,10/31/2016 0:00,10/31/2016 0:00,10/31/2016 0:00,.,537.2,1.0744,ug/mL,0.8,1.2,0.86,1.14,.,.,1,Y,Y,Y,Y,Y,E,.,.,.,LIN,.,.,Number,SMLIMS,.,.,.,0,0
PRJU:APR1-DP-ADL,.,Immunoassay,PRDS-000674,10310634,10310634,10/31/2016 0:00,10/31/2016 0:00,10/31/2016 0:00,.,476.8,0.9536,ug/mL,0.8,1.2,0.86,1.14,.,.,1,Y,Y,Y,Y,Y,E,.,.,.,LIN,.,.,Number,SMLIMS,.,.,.,0,0
PRJU:APR1-DP-ADL,.,Immunoassay,PRDS-000444,10313144,10313144,11/14/2016 0:00,11/14/2016 0:00,11/14/2016 0:00,.,97.2,0.972,ug/mL,0.8,1.2,0.86,1.14,.,.,1,Y,Y,Y,Y,Y,E,.,.,.,LIN,.,.,Number,SMLIMS,.,.,.,0,0
PRJU:APR1-DP-ADL,.,Immunoassay,PRDS-000444,10313710,10313710,11/30/2016 0:00,11/30/2016 0:00,11/30/2016 0:00,.,112.2,1.122,ug/mL,0.8,1.2,0.86,1.14,.,.,1,Y,Y,Y,Y,Y,E,.,.,.,LIN,.,.,Number,SMLIMS,.,.,.,0,0
PRJU:APR1-DP-ADL,.,Immunoassay,PRDS-000439,10312160,10312160,11/9/2016 0:00,11/9/2016 0:00,11/9/2016 0:00,.,210.8,1.054,ug/mL,0.8,1.2,0.86,1.14,.,.,1,Y,Y,Y,Y,Y,E,.,.,.,LIN,.,.,Number,SMLIMS,.,.,.,0,0
PRJU:APR1-DP-ADL,.,Immunoassay,PRDS-000436,10314067,10314067,12/1/2016 0:00,12/1/2016 0:00,12/1/2016 0:00,.,193.9,0.9695,ug/mL,0.8,1.2,0.86,1.14,.,.,1,Y,Y,Y,Y,Y,E,.,.,.,LIN,.,.,Number,SMLIMS,.,.,.,0,0
PRJU:APR1-DP-ADL,.,Immunoassay,PRDS-000436,10314065,10314065,12/6/2016 0:00,12/6/2016 0:00,12/6/2016 0:00,.,204.6,1.023,ug/mL,0.8,1.2,0.86,1.14,.,.,1,Y,Y,Y,Y,Y,E,.,.,.,LIN,.,.,Number,SMLIMS,.,.,.,0,0
PRJU:APR1-DP-ADL,.,Immunoassay,PRDS-000433,10314071,10314071,12/6/2016 0:00,12/6/2016 0:00,12/6/2016 0:00,.,536.9,1.0738,ug/mL,0.8,1.2,0.86,1.14,.,.,1,Y,Y,Y,Y,Y,E,.,.,.,LIN,.,.,Number,SMLIMS,.,.,.,0,0
PRJU:APR1-DP-ADL,.,Immunoassay,PRDS-000444,10314062,10314062,12/7/2016 0:00,12/7/2016 0:00,12/7/2016 0:00,.,100,1.0,ug/mL,0.8,1.2,0.86,1.14,.,.,1,Y,Y,Y,Y,Y,E,.,.,.,LIN,.,.,Number,SMLIMS,.,.,.,0,0
PRJU:APR1-DP-ADL,.,Immunoassay,PRDS-000674,10321902,10321902,2/16/2017 0:00,2/16/2017 0:00,2/16/2017 0:00,.,544.3,1.0886,ug/mL,0.8,1.2,0.86,1.14,.,.,1,Y,Y,Y,Y,Y,E,.,.,.,LIN,.,.,Number,SMLIMS,.,.,.,0,0
PRJU:APR1-DP-ADL,.,Immunoassay,PRDS-000439,10321860,10321860,2/21/2017 0:00,2/21/2017 0:00,2/21/2017 0:00,.,192.4,0.9620000000000001,ug/mL,0.8,1.2,0.86,1.14,.,.,1,Y,Y,Y,Y,Y,E,.,.,.,LIN,.,.,Number,SMLIMS,.,.,.,0,0
PRJU:APR1-DP-ADL,.,Immunoassay,PRDS-000439,10321891,10321891,2/22/2017 0:00,2/22/2017 0:00,2/22/2017 0:00,.,193.5,0.9675,ug/mL,0.8,1.2,0.86,1.14,.,.,1,Y,Y,Y,Y,Y,E,.,.,.,LIN,.,.,Number,SMLIMS,.,.,.,0,0
PRJU:APR1-DP-ADL,.,Immunoassay,PRDS-000674,10325390,10325390,3/16/2017 0:00,3/16/2017 0:00,3/16/2017 0:00,.,452.2,0.9044,ug/mL,0.8,1.2,0.86,1.14,.,.,1,Y,Y,Y,Y,Y,E,.,.,.,LIN,.,.,Number,SMLIMS,.,.,.,0,0
PRJU:APR1-DP-ADL,.,Immunoassay,PRDS-000433,10324448,10324448,3/2/2017 0:00,3/2/2017 0:00,3/2/2017 0:00,.,524.9,1.0498,ug/mL,0.8,1.2,0.86,1.14,.,.,1,Y,Y,Y,Y,Y,E,.,.,.,LIN,.,.,Number,SMLIMS,.,.,.,0,0
PRJU:APR1-DP-ADL,.,Immunoassay,PRDS-000452,10329367,10329367,3/21/2017 0:00,3/21/2017 0:00,3/21/2017 0:00,.,27.4,1.0959999999999999,ug/mL,0.8,1.2,0.86,1.14,.,.,1,Y,Y,Y,Y,Y,E,.,.,.,LIN,.,.,Number,SMLIMS,.,.,.,0,0
PRJU:APR1-DP-ADL,.,Immunoassay,PRDS-000436,10324441,10324441,3/7/2017 0:00,3/7/2017 0:00,3/7/2017 0:00,.,193.4,0.9670000000000001,ug/mL,0.8,1.2,0.86,1.14,.,.,1,Y,Y,Y,Y,Y,E,.,.,.,LIN,.,.,Number,SMLIMS,.,.,.,0,0
PRJU:APR1-DP-ADL,.,Immunoassay,PRDS-000444,10322069,10322069,3/8/2017 0:00,3/8/2017 0:00,3/8/2017 0:00,.,108.4,1.084,ug/mL,0.8,1.2,0.86,1.14,.,.,1,Y,Y,Y,Y,Y,E,.,.,.,LIN,.,.,Number,SMLIMS,.,.,.,0,0
PRJU:APR1-DP-ADL,.,Immunoassay,PRDS-000449,10328100,10328100,4/6/2017 0:00,4/5/2017 0:00,4/6/2017 0:00,.,44.7,1.1175,ug/mL,0.8,1.2,0.86,1.14,.,.,1,Y,Y,Y,Y,Y,E,.,.,.,LIN,.,.,Number,SMLIMS,.,.,.,0,0
PRJU:APR1-DP-ADL,.,Immunoassay,PRDS-000444,10349158,10349158,8/23/2017 0:00,8/23/2017 0:00,8/23/2017 0:00,.,99.5,0.995,ug/mL,0.8,1.2,0.86,1.14,.,.,1,Y,Y,Y,Y,Y,I,.,.,.,LIN,.,.,Number,SMLIMS,.,.,.,0,0
PRJU:APR1-DP-ADL,.,Immunoassay,PRDS-000436,10344569,10344569,8/9/2017 0:00,8/9/2017 0:00,8/9/2017 0:00,.,205.1,1.0255,ug/mL,0.8,1.2,0.86,1.14,.,.,1,Y,Y,Y,Y,Y,I,.,.,.,LIN,.,.,Number,SMLIMS,.,.,.,0,0
PRJU:APR1-DP-AML,.,Immunoassay,PRDS-000443,10322260,10322260,1/26/2017 0:00,1/26/2017 0:00,1/26/2017 0:00,.,1.12E+02,1.121,ug/mL,0.8,1.2,0.86,1.14,.,.,1,Y,Y,Y,Y,Y,E,.,.,.,LIN,.,.,Number,SMLIMS,.,.,.,0,0
PRJU:APR1-DP-AML,.,Immunoassay,PRDS-000444,10322261,10322261,1/26/2017 0:00,1/26/2017 0:00,1/26/2017 0:00,.,110.1,1.101,ug/mL,0.8,1.2,0.86,1.14,.,.,1,Y,Y,Y,Y,Y,E,.,.,.,LIN,.,.,Number,SMLIMS,.,.,.,0,0
PRJU:APR1-DP-AML,.,Immunoassay,PRDS-000672,10309191,10309191,10/18/2016 0:00,10/18/2016 0:00,10/18/2016 0:00,.,4.75E+02,0.95,ug/mL,0.8,1.2,0.86,1.14,.,.,1,Y,Y,Y,Y,Y,E,.,.,.,LIN,.,.,Number,SMLIMS,.,.,.,0,0
PRJU:APR1-DP-AML,.,Immunoassay,PRDS-000672,10321893,10321893,2/14/2017 0:00,2/14/2017 0:00,2/14/2017 0:00,.,509.6,1.0192,ug/mL,0.8,1.2,0.86,1.14,.,.,1,Y,Y,Y,Y,Y,E,.,.,.,LIN,.,.,Number,SMLIMS,.,.,.,0,0
PRJU:APR1-DP-AML,.,Immunoassay,PRDS-000672,10318661,10318661,2/23/2017 0:00,2/23/2017 0:00,2/23/2017 0:00,.,500.3,1.0006,ug/mL,0.8,1.2,0.86,1.14,.,.,1,Y,Y,Y,Y,Y,E,.,.,.,LIN,.,.,Number,SMLIMS,.,.,.,0,0
PRJU:APR1-DP-AML,.,Immunoassay,PRDS-000452,10287685,10287685,5/19/2016 0:00,5/19/2016 0:00,5/19/2016 0:00,.,23.4,0.9359999999999999,ug/mL,0.8,1.2,0.86,1.14,.,.,1,Y,Y,Y,Y,Y,E,.,.,.,LIN,.,.,Number,SMLIMS,.,.,.,0,0
PRJU:APR1-DP-AML,.,Immunoassay,PRDS-000444,10287695,10287695,5/23/2016 0:00,5/23/2016 0:00,5/23/2016 0:00,.,99.3,0.993,ug/mL,0.8,1.2,0.86,1.14,.,.,1,Y,Y,Y,Y,Y,E,.,.,.,LIN,.,.,Number,SMLIMS,.,.,.,0,0
PRJU:APR1-DP-AML,.,Immunoassay,PRDS-000439,10290418,10290418,5/26/2016 0:00,5/24/2016 0:00,5/26/2016 0:00,.,198.5,0.9925,ug/mL,0.8,1.2,0.86,1.14,.,.,1,Y,Y,Y,Y,Y,E,.,.,.,LIN,.,.,Number,SMLIMS,.,.,.,0,0
PRJU:APR1-DP-AML,.,Immunoassay,PRDS-000452,10294095,10294095,5/27/2016 0:00,5/27/2016 0:00,5/27/2016 0:00,.,25.4,1.016,ug/mL,0.8,1.2,0.86,1.14,.,.,1,Y,Y,Y,Y,Y,E,.,.,.,LIN,.,.,Number,SMLIMS,.,.,.,0,0
PRJU:APR1-DP-AML,.,Immunoassay,PRDS-000444,10291603,10291603,5/31/2016 0:00,5/31/2016 0:00,5/31/2016 0:00,.,102.5,1.025,ug/mL,0.8,1.2,0.86,1.14,.,.,1,Y,Y,Y,Y,Y,E,.,.,.,LIN,.,.,Number,SMLIMS,.,.,.,0,0
PRJU:APR1-DP-AML,.,Immunoassay,PRDS-000775,10335931,10335931,5/9/2017 0:00,5/9/2017 0:00,5/9/2017 0:00,.,61.6,1.026666667,ug/mL,0.8,1.2,0.86,1.14,.,.,1,Y,Y,Y,Y,Y,E,.,.,.,LIN,.,.,Number,SMLIMS,.,.,.,0,0
PRJU:APR1-DP-AML,.,Immunoassay,PRDS-000672,10291619,10291619,6/10/2016 0:00,6/9/2016 0:00,6/10/2016 0:00,.,555.4,1.1108,ug/mL,0.8,1.2,0.86,1.14,.,.,1,Y,Y,Y,Y,Y,E,.,.,.,LIN,.,.,Number,SMLIMS,.,.,.,0,0
PRJU:APR1-DP-AML,.,Immunoassay,PRDS-000436,10291612,10291612,6/13/2016 0:00,6/13/2016 0:00,6/13/2016 0:00,.,208.7,1.0435,ug/mL,0.8,1.2,0.86,1.14,.,.,1,Y,Y,Y,Y,Y,E,.,.,.,LIN,.,.,Number,SMLIMS,.,.,.,0,0
PRJU:APR1-DP-AML,.,Immunoassay,PRDS-000446,10291610,10291610,6/15/2016 0:00,6/15/2016 0:00,6/15/2016 0:00,.,111.4,1.114,ug/mL,0.8,1.2,0.86,1.14,.,.,1,Y,Y,Y,Y,Y,E,.,.,.,LIN,.,.,Number,SMLIMS,.,.,.,0,0
PRJU:APR1-DP-AML,.,Immunoassay,PRDS-000772,10340432,10340432,6/15/2017 0:00,6/15/2017 0:00,6/15/2017 0:00,.,61.5,1.025,ug/mL,0.8,1.2,0.86,1.14,.,.,1,Y,Y,Y,Y,Y,E,.,.,.,LIN,.,.,Number,SMLIMS,.,.,.,0,0
PRJU:APR1-DP-AML,.,Immunoassay,PRDS-000757,10336377,10336377,6/19/2017 0:00,6/19/2017 0:00,6/19/2017 0:00,.,24.7,0.988,ug/mL,0.8,1.2,0.86,1.14,.,.,1,Y,Y,Y,Y,Y,E,.,.,.,LIN,.,.,Number,SMLIMS,.,.,.,0,0
PRJU:APR1-DP-AML,.,Immunoassay,PRDS-000444,10291604,10291604,6/2/2016 0:00,6/2/2016 0:00,6/2/2016 0:00,.,101.9,1.0190000000000001,ug/mL,0.8,1.2,0.86,1.14,.,.,1,Y,Y,Y,Y,Y,E,.,.,.,LIN,.,.,Number,SMLIMS,.,.,.,0,0
PRJU:APR1-DP-AML,.,Immunoassay,PRDS-000443,10291600,10291600,6/20/2016 0:00,6/20/2016 0:00,6/20/2016 0:00,.,106.3,1.063,ug/mL,0.8,1.2,0.86,1.14,.,.,1,Y,Y,Y,Y,Y,E,.,.,.,LIN,.,.,Number,SMLIMS,.,.,.,0,0
PRJU:APR1-DP-AML,.,Immunoassay,PRDS-000439,10293708,10293708,6/22/2016 0:00,6/21/2016 0:00,6/22/2016 0:00,.,215.8,1.079,ug/mL,0.8,1.2,0.86,1.14,.,.,1,Y,Y,Y,Y,Y,E,.,.,.,LIN,.,.,Number,SMLIMS,.,.,.,0,0
PRJU:APR1-DP-AML,.,Immunoassay,PRDS-000449,10291596,10291596,6/6/2016 0:00,6/6/2016 0:00,6/6/2016 0:00,.,41.3,1.0325,ug/mL,0.8,1.2,0.86,1.14,.,.,1,Y,Y,Y,Y,Y,E,.,.,.,LIN,.,.,Number,SMLIMS,.,.,.,0,0
PRJU:APR1-DP-AML,.,Immunoassay,PRDS-000674,10295049,10295049,6/6/2016 0:00,6/6/2016 0:00,6/6/2016 0:00,.,469.2,0.9384,ug/mL,0.8,1.2,0.86,1.14,.,.,1,Y,Y,Y,Y,Y,E,.,.,.,LIN,.,.,Number,SMLIMS,.,.,.,0,0
PRJU:APR1-DP-AML,.,Immunoassay,PRDS-000438,10291617,10291617,6/7/2016 0:00,6/7/2016 0:00,6/7/2016 0:00,.,218.6,1.093,ug/mL,0.8,1.2,0.86,1.14,.,.,1,Y,Y,Y,Y,Y,E,.,.,.,LIN,.,.,Number,SMLIMS,.,.,.,0,0
PRJU:APR1-DP-AML,.,Immunoassay,PRDS-000443,10291599,10291599,6/8/2016 0:00,6/7/2016 0:00,6/8/2016 0:00,.,97.2,0.972,ug/mL,0.8,1.2,0.86,1.14,.,.,1,Y,Y,Y,Y,Y,E,.,.,.,LIN,.,.,Number,SMLIMS,.,.,.,0,0
PRJU:APR1-DP-AML,.,Immunoassay,PRDS-000757,10343195,10343195,8/15/2017 0:00,8/15/2017 0:00,8/15/2017 0:00,.,26.4,1.056,ug/mL,0.8,1.2,0.86,1.14,.,.,1,Y,Y,Y,Y,Y,I,.,.,.,LIN,.,.,Number,SMLIMS,.,.,.,0,0
PRJU:APR1-DP-AML,.,Immunoassay,PRDS-000771,10343198,10343198,8/16/2017 0:00,8/16/2017 0:00,8/16/2017 0:00,.,41.3,1.0325,ug/mL,0.8,1.2,0.86,1.14,.,.,1,Y,Y,Y,Y,Y,I,.,.,.,LIN,.,.,Number,SMLIMS,.,.,.,0,0
PRJU:APR1-DP-AML,.,Immunoassay,PRDS-000447,10343023,10343023,8/8/2017 0:00,8/8/2017 0:00,8/8/2017 0:00,.,106.1,1.061,ug/mL,0.8,1.2,0.86,1.14,.,.,1,Y,Y,Y,Y,Y,I,.,.,.,LIN,.,.,Number,SMLIMS,.,.,.,0,0
PRJU:APR14-DP-ADL,.,Immunoassay,PRDS-000433,10362760,10362760,1/11/2018 0:00,1/11/2018 0:00,1/11/2018 0:00,.,549.6,1.0992,ug/mL,0.8,1.2,.,.,.,.,.,Y,Y,Y,Y,Y,I,.,.,.,LIN,.,.,Number,SMLIMS,.,.,.,0,
PRJU:APR14-DP-ADL,.,Immunoassay,PRDS-000674,10362769,10362769,1/11/2018 0:00,1/11/2018 0:00,1/11/2018 0:00,.,540.7,1.0814,ug/mL,0.8,1.2,.,.,.,.,.,Y,Y,Y,Y,Y,I,.,.,.,LIN,.,.,Number,SMLIMS,.,.,.,0,
PRJU:APR14-DP-ADL,.,Immunoassay,PRDS-000560,10362772,10362772,1/11/2018 0:00,1/11/2018 0:00,1/11/2018 0:00,.,525.1,1.0502,ug/mL,0.8,1.2,.,.,.,.,.,Y,Y,Y,Y,Y,I,.,.,.,LIN,.,.,Number,SMLIMS,.,.,.,0,
PRJU:APR14-DP-ADL,.,Immunoassay,PRDS-000560,10362996,10362996,1/11/2018 0:00,1/11/2018 0:00,1/11/2018 0:00,.,518.4,1.0368,ug/mL,0.8,1.2,.,.,.,.,.,Y,Y,Y,Y,Y,I,.,.,.,LIN,.,.,Number,SMLIMS,.,.,.,0,
PRJU:APR14-DP-ADL,.,Immunoassay,PRDS-000452,10365357,10365357,1/11/2018 0:00,1/11/2018 0:00,1/11/2018 0:00,.,25.1,1.004,ug/mL,0.8,1.2,.,.,.,.,.,Y,Y,Y,Y,Y,I,.,.,.,LIN,.,.,Number,SMLIMS,.,.,.,0,
PRJU:APR14-DP-ADL,.,Immunoassay,PRDS-000443,10363348,10363348,1/12/2018 0:00,1/12/2018 0:00,1/12/2018 0:00,.,101.1,1.011,ug/mL,0.8,1.2,.,.,.,.,.,Y,Y,Y,Y,Y,I,.,.,.,LIN,.,.,Number,SMLIMS,.,.,.,0,
PRJU:APR14-DP-ADL,.,Immunoassay,PRDS-000444,10363780,10363780,1/12/2018 0:00,1/12/2018 0:00,1/12/2018 0:00,.,101.1,1.011,ug/mL,0.8,1.2,.,.,.,.,.,Y,Y,Y,Y,Y,I,.,.,.,LIN,.,.,Number,SMLIMS,.,.,.,0,
PRJU:APR14-DP-ADL,.,Immunoassay,PRDS-000439,10362898,10362898,1/13/2018 0:00,1/13/2018 0:00,1/13/2018 0:00,.,213.9,1.0695,ug/mL,0.8,1.2,.,.,.,.,.,Y,Y,Y,Y,Y,I,.,.,.,LIN,.,.,Number,SMLIMS,.,.,.,0,
PRJU:APR14-DP-ADL,.,Immunoassay,PRDS-001221,10363265,10363265,1/13/2018 0:00,1/13/2018 0:00,1/13/2018 0:00,.,214.1,1.0705,ug/mL,0.8,1.2,.,.,.,.,.,Y,Y,Y,Y,Y,I,.,.,.,LIN,.,.,Number,SMLIMS,.,.,.,0,
PRJU:APR14-DP-ADL,.,Immunoassay,PRDS-000436,10363346,10363346,1/13/2018 0:00,1/13/2018 0:00,1/13/2018 0:00,.,232.4,1.162,ug/mL,0.8,1.2,.,.,.,.,.,Y,Y,Y,Y,Y,I,.,.,.,LIN,.,.,Number,SMLIMS,.,.,.,0,
PRJU:APR14-DP-ADL,.,Immunoassay,PRDS-000433,10357077,10357077,10/26/2017 0:00,10/26/2017 0:00,10/26/2017 0:00,.,557.7,1.1154,ug/mL,0.8,1.2,.,.,.,.,.,Y,Y,Y,Y,Y,I,.,.,.,LIN,.,.,Number,SMLIMS,.,.,.,0,
PRJU:APR14-DP-ADL,.,Immunoassay,PRDS-000433,10357079,10357079,10/26/2017 0:00,10/26/2017 0:00,10/26/2017 0:00,.,493.5,0.987,ug/mL,0.8,1.2,.,.,.,.,.,Y,Y,Y,Y,Y,I,.,.,.,LIN,.,.,Number,SMLIMS,.,.,.,0,
PRJU:APR14-DP-ADL,.,Immunoassay,PRDS-000444,10347652,10347652,10/27/2017 0:00,9/19/2017 0:00,10/27/2017 0:00,.,97.6,0.976,ug/mL,0.8,1.2,0.86,1.14,.,.,.,Y,Y,Y,Y,Y,I,.,.,.,LIN,.,.,Number,SMLIMS,.,.,.,0,0
PRJU:APR14-DP-ADL,.,Immunoassay,PRDS-000446,10348535,10348535,10/27/2017 0:00,10/27/2017 0:00,10/27/2017 0:00,.,102.3,1.023,ug/mL,0.8,1.2,.,.,.,.,.,Y,Y,Y,Y,Y,I,.,.,.,LIN,.,.,Number,SMLIMS,.,.,.,0,
PRJU:APR14-DP-ADL,.,Immunoassay,PRDS-000443,10349921,10349921,10/27/2017 0:00,10/27/2017 0:00,10/27/2017 0:00,.,102.7,1.0270000000000001,ug/mL,0.8,1.2,0.86,1.14,.,.,.,Y,Y,Y,Y,Y,I,.,.,.,LIN,.,.,Number,SMLIMS,.,.,.,0,0
PRJU:APR14-DP-ADL,.,Immunoassay,PRDS-000452,10348517,10348517,10/28/2017 0:00,10/28/2017 0:00,10/28/2017 0:00,.,23.2,0.9279999999999999,ug/mL,0.8,1.2,.,.,.,.,.,Y,Y,Y,Y,Y,I,.,.,.,LIN,.,.,Number,SMLIMS,.,.,.,0,
PRJU:APR14-DP-ADL,.,Immunoassay,PRDS-000439,10348245,10348245,10/29/2017 0:00,10/29/2017 0:00,10/29/2017 0:00,.,215,1.075,ug/mL,0.8,1.2,.,.,.,.,.,Y,Y,Y,Y,Y,I,.,.,.,LIN,.,.,Number,SMLIMS,.,.,.,0,
PRJU:APR14-DP-ADL,.,Immunoassay,PRDS-000436,10348877,10348877,10/29/2017 0:00,10/29/2017 0:00,10/29/2017 0:00,.,218.5,1.0925,ug/mL,0.8,1.2,.,.,.,.,.,Y,Y,Y,Y,Y,I,.,.,.,LIN,.,.,Number,SMLIMS,.,.,.,0,
PRJU:APR14-DP-ADL,.,Immunoassay,PRDS-000438,10348879,10348879,10/29/2017 0:00,10/29/2017 0:00,10/29/2017 0:00,.,218.3,1.0915,ug/mL,0.8,1.2,0.86,1.14,.,.,.,Y,Y,Y,Y,Y,I,.,.,.,LIN,.,.,Number,SMLIMS,.,.,.,0,0
PRJU:APR14-DP-ADL,.,Immunoassay,PRDS-000446,10347705,10347705,11/1/2017 0:00,11/1/2017 0:00,11/1/2017 0:00,.,96.1,0.961,ug/mL,0.8,1.2,.,.,.,.,.,Y,Y,Y,Y,Y,I,.,.,.,LIN,.,.,Number,SMLIMS,.,.,.,0,
PRJU:APR14-DP-ADL,.,Immunoassay,PRDS-000674,10351807,10351807,11/12/2017 0:00,11/9/2017 0:00,11/12/2017 0:00,.,493.2,0.9864,ug/mL,0.8,1.2,.,.,.,.,.,Y,Y,Y,Y,Y,I,.,.,.,LIN,.,.,Number,SMLIMS,.,.,.,0,
PRJU:APR14-DP-ADL,.,Immunoassay,PRDS-000674,10351809,10351809,11/12/2017 0:00,11/9/2017 0:00,11/12/2017 0:00,.,524.8,1.0496,ug/mL,0.8,1.2,.,.,.,.,.,Y,Y,Y,Y,Y,I,.,.,.,LIN,.,.,Number,SMLIMS,.,.,.,0,
PRJU:APR14-DP-ADL,.,Immunoassay,PRDS-000449,10351878,10351878,11/13/2017 0:00,11/11/2017 0:00,11/13/2017 0:00,.,38.9,0.9725,ug/mL,0.8,1.2,.,.,.,.,.,Y,Y,Y,Y,Y,I,.,.,.,LIN,.,.,Number,SMLIMS,.,.,.,0,
PRJU:APR14-DP-ADL,.,Immunoassay,PRDS-000438,10352022,10352022,11/13/2017 0:00,11/10/2017 0:00,11/13/2017 0:00,.,212.8,1.064,ug/mL,0.8,1.2,.,.,.,.,.,Y,Y,Y,Y,Y,I,.,.,.,LIN,.,.,Number,SMLIMS,.,.,.,0,
PRJU:APR14-DP-ADL,.,Immunoassay,PRDS-000439,10357180,10357180,11/13/2017 0:00,11/10/2017 0:00,11/13/2017 0:00,.,205,1.025,ug/mL,0.8,1.2,.,.,.,.,.,Y,Y,Y,Y,Y,I,.,.,.,LIN,.,.,Number,SMLIMS,.,.,.,0,
PRJU:APR14-DP-ADL,.,Immunoassay,PRDS-001221,10357747,10357747,11/13/2017 0:00,11/10/2017 0:00,11/13/2017 0:00,.,198.9,0.9945,ug/mL,0.8,1.2,.,.,.,.,.,Y,Y,Y,Y,Y,I,.,.,.,LIN,.,.,Number,SMLIMS,.,.,.,0,
PRJU:APR14-DP-ADL,.,Immunoassay,PRDS-000452,10358360,10358360,11/4/2017 0:00,11/4/2017 0:00,11/4/2017 0:00,.,24.7,0.988,ug/mL,0.8,1.2,.,.,.,.,.,Y,Y,Y,Y,Y,I,.,.,.,LIN,.,.,Number,SMLIMS,.,.,.,0,
PRJU:APR14-DP-ADL,.,Immunoassay,PRDS-000444,10343028,10343028,11/5/2017 0:00,9/23/2017 0:00,11/5/2017 0:00,.,96.1,0.961,ug/mL,0.8,1.2,0.86,1.14,.,.,.,Y,Y,Y,Y,Y,I,.,.,.,LIN,.,.,Number,SMLIMS,.,.,.,0,0
PRJU:APR14-DP-ADL,.,Immunoassay,PRDS-000560,10357619,10357619,12/10/2017 0:00,12/4/2017 0:00,12/10/2017 0:00,.,527.7,1.0554,ug/mL,0.8,1.2,.,.,.,.,.,Y,Y,Y,Y,Y,I,.,.,.,LIN,.,.,Number,SMLIMS,.,.,.,0,
PRJU:APR14-DP-ADL,.,Immunoassay,PRDS-000674,10360133,10360133,12/10/2017 0:00,12/7/2017 0:00,12/10/2017 0:00,.,557,1.114,ug/mL,0.8,1.2,.,.,.,.,.,Y,Y,Y,Y,Y,I,.,.,.,LIN,.,.,Number,SMLIMS,.,.,.,0,
PRJU:APR14-DP-ADL,.,Immunoassay,PRDS-000438,10361715,10361715,12/11/2017 0:00,12/3/2017 0:00,12/11/2017 0:00,.,212.5,1.0625,ug/mL,0.8,1.2,.,.,.,.,.,Y,Y,Y,Y,Y,I,.,.,.,LIN,.,.,Number,SMLIMS,.,.,.,0,
PRJU:APR14-DP-ADL,.,Immunoassay,PRDS-000444,10351818,10351818,12/5/2017 0:00,11/29/2017 0:00,12/5/2017 0:00,.,95.8,0.958,ug/mL,0.8,1.2,.,.,.,.,.,Y,Y,Y,Y,Y,I,.,.,.,LIN,.,.,Number,SMLIMS,.,.,.,0,
PRJU:APR14-DP-ADL,.,Immunoassay,PRDS-000452,10358319,10358319,12/6/2017 0:00,11/30/2017 0:00,12/6/2017 0:00,.,23.5,0.94,ug/mL,0.8,1.2,.,.,.,.,.,Y,Y,Y,Y,Y,I,.,.,.,LIN,.,.,Number,SMLIMS,.,.,.,0,
PRJU:APR14-DP-ADL,.,Immunoassay,PRDS-000433,10351813,10351813,12/8/2017 0:00,12/4/2017 0:00,12/8/2017 0:00,.,477.7,0.9554,ug/mL,0.8,1.2,.,.,.,.,.,Y,Y,Y,Y,Y,I,.,.,.,LIN,.,.,Number,SMLIMS,.,.,.,0,
PRJU:APR14-DP-ADL,.,Immunoassay,PRDS-000449,10352536,10352536,12/8/2017 0:00,12/5/2017 0:00,12/8/2017 0:00,.,38.3,0.9575,ug/mL,0.8,1.2,.,.,.,.,.,Y,Y,Y,Y,Y,I,.,.,.,LIN,.,.,Number,SMLIMS,.,.,.,0,
PRJU:APR14-DP-ADL,.,Immunoassay,PRDS-000452,10360941,10360941,12/9/2017 0:00,12/6/2017 0:00,12/9/2017 0:00,.,24.6,0.9840000000000001,ug/mL,0.8,1.2,.,.,.,.,.,Y,Y,Y,Y,Y,I,.,.,.,LIN,.,.,Number,SMLIMS,.,.,.,0,
PRJU:APR14-DP-ADL,.,Immunoassay,PRDS-000449,10370055,10370055,2/25/2018 0:00,2/25/2018 0:00,2/25/2018 0:00,.,39,0.975,ug/mL,0.8,1.2,.,.,.,.,.,Y,Y,Y,Y,Y,I,.,.,.,LIN,.,.,Number,SMLIMS,.,.,.,0,
PRJU:APR14-DP-ADL,.,Immunoassay,PRDS-000674,10368195,10368195,2/26/2018 0:00,2/26/2018 0:00,2/26/2018 0:00,.,488.6,0.9772,ug/mL,0.8,1.2,.,.,.,.,.,Y,Y,Y,Y,Y,I,.,.,.,LIN,.,.,Number,SMLIMS,.,.,.,0,
PRJU:APR14-DP-ADL,.,Immunoassay,PRDS-000439,10368201,10368201,2/28/2018 0:00,2/28/2018 0:00,2/28/2018 0:00,.,200,1.0,ug/mL,0.8,1.2,.,.,.,.,.,Y,Y,Y,Y,Y,I,.,.,.,LIN,.,.,Number,SMLIMS,.,.,.,0,
PRJU:APR14-DP-ADL,.,Immunoassay,PRDS-000436,10370078,10370078,2/28/2018 0:00,2/28/2018 0:00,2/28/2018 0:00,.,207.5,1.0375,ug/mL,0.8,1.2,.,.,.,.,.,Y,Y,Y,Y,Y,I,.,.,.,LIN,.,.,Number,SMLIMS,.,.,.,0,
PRJU:APR14-DP-ADL,.,Immunoassay,PRDS-000443,10370592,10370592,3/2/2018 0:00,3/2/2018 0:00,3/2/2018 0:00,.,96,0.96,ug/mL,0.8,1.2,.,.,.,.,.,Y,Y,Y,Y,Y,I,.,.,.,LIN,.,.,Number,SMLIMS,.,.,.,0,
PRJU:APR14-DP-ADL,.,Immunoassay,PRDS-000433,10370619,10370619,3/26/2018 0:00,3/26/2018 0:00,3/26/2018 0:00,.,547.1,1.0942,ug/mL,0.8,1.2,.,.,.,.,.,Y,Y,Y,Y,Y,I,.,.,.,LIN,.,.,Number,SMLIMS,.,.,.,0,
PRJU:APR14-DP-ADL,.,Immunoassay,PRDS-000449,10367143,10367143,3/3/2018 0:00,3/3/2018 0:00,3/3/2018 0:00,.,42,1.05,ug/mL,0.8,1.2,.,.,.,.,.,Y,Y,Y,Y,Y,I,.,.,.,LIN,.,.,Number,SMLIMS,.,.,.,0,
PRJU:APR14-DP-ADL,.,Immunoassay,PRDS-000452,10367601,10367601,3/5/2018 0:00,3/5/2018 0:00,3/5/2018 0:00,.,25.4,1.016,ug/mL,0.8,1.2,.,.,.,.,.,Y,Y,Y,Y,Y,I,.,.,.,LIN,.,.,Number,SMLIMS,.,.,.,0,
PRJU:APR14-DP-ADL,.,Immunoassay,PRDS-000560,10368192,10368192,3/5/2018 0:00,3/5/2018 0:00,3/5/2018 0:00,.,510.8,1.0216,ug/mL,0.8,1.2,.,.,.,.,.,Y,Y,Y,Y,Y,I,.,.,.,LIN,.,.,Number,SMLIMS,.,.,.,0,
PRJU:APR14-DP-ADL,.,Immunoassay,PRDS-000438,10370608,10370608,3/6/2018 0:00,3/6/2018 0:00,3/6/2018 0:00,.,208.1,1.0405,ug/mL,0.8,1.2,.,.,.,.,.,Y,Y,Y,Y,Y,I,.,.,.,LIN,.,.,Number,SMLIMS,.,.,.,0,
PRJU:APR14-DP-ADL,.,Immunoassay,PRDS-000449,10379835,10379835,4/12/2018 0:00,4/9/2018 0:00,4/12/2018 0:00,.,40.8,1.02,ug/mL,0.8,1.2,.,.,.,.,.,Y,Y,Y,Y,Y,I,.,.,.,LIN,.,.,Number,SMLIMS,.,.,.,0,
PRJU:APR14-DP-ADL,.,Immunoassay,PRDS-000446,10379843,10379843,4/13/2018 0:00,4/9/2018 0:00,4/13/2018 0:00,.,105.6,1.056,ug/mL,0.8,1.2,.,.,.,.,.,Y,Y,Y,Y,Y,I,.,.,.,LIN,.,.,Number,SMLIMS,.,.,.,0,
PRJU:APR14-DP-ADL,.,Immunoassay,PRDS-000436,10379815,10379815,4/14/2018 0:00,4/10/2018 0:00,4/14/2018 0:00,.,223.3,1.1165,ug/mL,0.8,1.2,.,.,.,.,.,Y,Y,Y,Y,Y,I,.,.,.,LIN,.,.,Number,SMLIMS,.,.,.,0,
PRJU:APR14-DP-ADL,.,Immunoassay,PRDS-000444,10371031,10371031,4/5/2018 0:00,3/28/2018 0:00,4/5/2018 0:00,.,107,1.07,ug/mL,0.8,1.2,.,.,.,.,.,Y,Y,Y,Y,Y,I,.,.,.,LIN,.,.,Number,SMLIMS,.,.,.,0,
PRJU:APR14-DP-ADL,.,Immunoassay,PRDS-000449,10371123,10371123,4/5/2018 0:00,4/5/2018 0:00,4/5/2018 0:00,.,43.2,1.08,ug/mL,0.8,1.2,.,.,.,.,.,Y,Y,Y,Y,Y,I,.,.,.,LIN,.,.,Number,SMLIMS,.,.,.,0,
PRJU:APR14-DP-ADL,.,Immunoassay,PRDS-000444,10371036,10371036,4/7/2018 0:00,4/6/2018 0:00,4/7/2018 0:00,.,107.3,1.073,ug/mL,0.8,1.2,.,.,.,.,.,Y,Y,Y,Y,Y,I,.,.,.,LIN,.,.,Number,SMLIMS,.,.,.,0,
PRJU:APR14-DP-ADL,.,Immunoassay,PRDS-000443,10375171,10375171,4/7/2018 0:00,4/7/2018 0:00,4/7/2018 0:00,.,104.9,1.0490000000000002,ug/mL,0.8,1.2,.,.,.,.,.,Y,Y,Y,Y,Y,I,.,.,.,LIN,.,.,Number,SMLIMS,.,.,.,0,
PRJU:APR14-DP-ADL,.,Immunoassay,PRDS-000674,10379816,10379816,4/8/2018 0:00,4/7/2018 0:00,4/8/2018 0:00,.,558.8,1.1176,ug/mL,0.8,1.2,.,.,.,.,.,Y,Y,Y,Y,Y,I,.,.,.,LIN,.,.,Number,SMLIMS,.,.,.,0,
PRJU:APR14-DP-ADL,.,Immunoassay,PRDS-000560,10379830,10379830,4/8/2018 0:00,4/7/2018 0:00,4/8/2018 0:00,.,561.7,1.1234,ug/mL,0.8,1.2,.,.,.,.,.,Y,Y,Y,Y,Y,I,.,.,.,LIN,.,.,Number,SMLIMS,.,.,.,0,
PRJU:APR14-DP-ADL,.,Immunoassay,PRDS-000452,10379824,10379824,4/9/2018 0:00,4/8/2018 0:00,4/9/2018 0:00,.,27.1,1.084,ug/mL,0.8,1.2,.,.,.,.,.,Y,Y,Y,Y,Y,I,.,.,.,LIN,.,.,Number,SMLIMS,.,.,.,0,
PRJU:APR14-DP-ADL,.,Immunoassay,PRDS-001221,10330799,10330799,5/12/2017 0:00,5/11/2017 0:00,5/12/2017 0:00,.,219.3,1.0965,ug/mL,0.8,1.2,.,.,.,.,.,Y,Y,Y,Y,Y,E,.,.,.,LIN,.,.,Number,SMLIMS,.,.,.,0,
PRJU:APR14-DP-ADL,.,Immunoassay,PRDS-001221,10390231,10390231,5/13/2018 0:00,5/7/2018 0:00,5/13/2018 0:00,.,225.3,1.1265,ug/mL,0.8,1.2,.,.,.,.,.,Y,Y,Y,Y,Y,I,.,.,.,LIN,.,.,Number,SMLIMS,.,.,.,0,
PRJU:APR14-DP-ADL,.,Immunoassay,PRDS-000444,10390234,10390234,5/13/2018 0:00,5/9/2018 0:00,5/13/2018 0:00,.,110.4,1.104,ug/mL,0.8,1.2,.,.,.,.,.,Y,Y,Y,Y,Y,I,.,.,.,LIN,.,.,Number,SMLIMS,.,.,.,0,
PRJU:APR14-DP-ADL,.,Immunoassay,PRDS-000444,10390235,10390235,5/14/2018 0:00,5/8/2018 0:00,5/14/2018 0:00,.,104.9,1.0490000000000002,ug/mL,0.8,1.2,.,.,.,.,.,Y,Y,Y,Y,Y,I,.,.,.,LIN,.,.,Number,SMLIMS,.,.,.,0,
PRJU:APR14-DP-ADL,.,Immunoassay,PRDS-000560,10390245,10390245,5/15/2018 0:00,5/9/2018 0:00,5/15/2018 0:00,.,533.2,1.0664,ug/mL,0.8,1.2,.,.,.,.,.,Y,Y,Y,Y,Y,I,.,.,.,LIN,.,.,Number,SMLIMS,.,.,.,0,
PRJU:APR14-DP-ADL,.,Immunoassay,PRDS-000674,10390247,10390247,5/15/2018 0:00,5/9/2018 0:00,5/15/2018 0:00,.,530,1.06,ug/mL,0.8,1.2,.,.,.,.,.,Y,Y,Y,Y,Y,I,.,.,.,LIN,.,.,Number,SMLIMS,.,.,.,0,
PRJU:APR14-DP-ADL,.,Immunoassay,PRDS-000449,10390250,10390250,5/15/2018 0:00,5/10/2018 0:00,5/15/2018 0:00,.,41,1.025,ug/mL,0.8,1.2,.,.,.,.,.,Y,Y,Y,Y,Y,I,.,.,.,LIN,.,.,Number,SMLIMS,.,.,.,0,
PRJU:APR14-DP-ADL,.,Immunoassay,PRDS-000452,10331462,10331462,5/17/2017 0:00,5/13/2017 0:00,5/17/2017 0:00,.,29.9,1.196,ug/mL,0.8,1.2,.,.,.,.,.,Y,Y,Y,Y,Y,E,.,.,.,LIN,.,.,Number,SMLIMS,.,.,.,0,
PRJU:APR14-DP-ADL,.,Immunoassay,PRDS-000449,10331465,10331465,5/17/2017 0:00,5/14/2017 0:00,5/17/2017 0:00,.,45.6,1.14,ug/mL,0.8,1.2,.,.,.,.,.,Y,Y,Y,Y,Y,E,.,.,.,LIN,.,.,Number,SMLIMS,.,.,.,0,
PRJU:APR14-DP-ADL,.,Immunoassay,PRDS-000449,10331466,10331466,6/13/2017 0:00,6/10/2017 0:00,6/13/2017 0:00,.,43,1.075,ug/mL,0.8,1.2,.,.,.,.,.,Y,Y,Y,Y,Y,E,.,.,.,LIN,.,.,Number,SMLIMS,.,.,.,0,
PRJU:APR14-DP-ADL,.,Immunoassay,PRDS-000674,10331456,10331456,6/14/2017 0:00,6/12/2017 0:00,6/14/2017 0:00,.,537.5,1.075,ug/mL,0.8,1.2,.,.,.,.,.,Y,Y,Y,Y,Y,E,.,.,.,LIN,.,.,Number,SMLIMS,.,.,.,0,
PRJU:APR14-DP-ADL,.,Immunoassay,PRDS-000674,10331476,10331476,6/14/2017 0:00,6/11/2017 0:00,6/14/2017 0:00,.,533.2,1.0664,ug/mL,0.8,1.2,.,.,.,.,.,Y,Y,Y,Y,Y,E,.,.,.,LIN,.,.,Number,SMLIMS,.,.,.,0,
PRJU:APR14-DP-ADL,.,Immunoassay,PRDS-000444,10333530,10333530,6/14/2017 0:00,6/13/2017 0:00,6/14/2017 0:00,.,105,1.05,ug/mL,0.8,1.2,0.86,1.14,.,.,.,Y,Y,Y,Y,Y,E,.,.,.,LIN,.,.,Number,SMLIMS,.,.,.,0,0
PRJU:APR14-DP-ADL,.,Immunoassay,PRDS-000433,10395946,10395946,6/5/2018 0:00,6/5/2018 0:00,6/5/2018 0:00,.,517.5,1.035,ug/mL,0.8,1.2,.,.,.,.,.,Y,Y,Y,Y,Y,I,.,.,.,LIN,.,.,Number,SMLIMS,.,.,.,0,
PRJU:APR14-DP-ADL,.,Immunoassay,PRDS-000449,10396076,10396076,6/5/2018 0:00,6/5/2018 0:00,6/5/2018 0:00,.,37,0.925,ug/mL,0.8,1.2,.,.,.,.,.,Y,Y,Y,Y,Y,I,.,.,.,LIN,.,.,Number,SMLIMS,.,.,.,0,
PRJU:APR14-DP-ADL,.,Immunoassay,PRDS-000560,10396227,10396227,6/5/2018 0:00,6/5/2018 0:00,6/5/2018 0:00,.,523.4,1.0468,ug/mL,0.8,1.2,.,.,.,.,.,Y,Y,Y,Y,Y,I,.,.,.,LIN,.,.,Number,SMLIMS,.,.,.,0,
PRJU:APR14-DP-ADL,.,Immunoassay,PRDS-000436,10395940,10395940,6/6/2018 0:00,6/6/2018 0:00,6/6/2018 0:00,.,192.8,0.9640000000000001,ug/mL,0.8,1.2,.,.,.,.,.,Y,Y,Y,Y,Y,I,.,.,.,LIN,.,.,Number,SMLIMS,.,.,.,0,
PRJU:APR14-DP-ADL,.,Immunoassay,PRDS-000439,10396072,10396072,6/6/2018 0:00,6/6/2018 0:00,6/6/2018 0:00,.,209.2,1.046,ug/mL,0.8,1.2,.,.,.,.,.,Y,Y,Y,Y,Y,I,.,.,.,LIN,.,.,Number,SMLIMS,.,.,.,0,
PRJU:APR14-DP-ADL,.,Immunoassay,PRDS-000444,10396231,10396231,6/7/2018 0:00,6/7/2018 0:00,6/7/2018 0:00,.,104.4,1.044,ug/mL,0.8,1.2,.,.,.,.,.,Y,Y,Y,Y,Y,I,.,.,.,LIN,.,.,Number,SMLIMS,.,.,.,0,
PRJU:APR14-DP-ADL,.,Immunoassay,PRDS-000443,10399108,10399108,6/7/2018 0:00,6/7/2018 0:00,6/7/2018 0:00,.,106.4,1.064,ug/mL,0.8,1.2,.,.,.,.,.,Y,Y,Y,Y,Y,I,.,.,.,LIN,.,.,Number,SMLIMS,.,.,.,0,
PRJU:APR14-DP-ADL,.,Immunoassay,PRDS-000433,10396236,10396236,6/8/2018 0:00,6/8/2018 0:00,6/8/2018 0:00,.,567.4,1.1348,ug/mL,0.8,1.2,.,.,.,.,.,Y,Y,Y,Y,Y,I,.,.,.,LIN,.,.,Number,SMLIMS,.,.,.,0,
PRJU:APR14-DP-ADL,.,Immunoassay,PRDS-000674,10396703,10396703,6/8/2018 0:00,6/8/2018 0:00,6/8/2018 0:00,.,561.3,1.1226,ug/mL,0.8,1.2,.,.,.,.,.,Y,Y,Y,Y,Y,I,.,.,.,LIN,.,.,Number,SMLIMS,.,.,.,0,
PRJU:APR14-DP-ADL,.,Immunoassay,PRDS-000433,10331482,10331482,7/23/2017 0:00,7/21/2017 0:00,7/23/2017 0:00,.,531.4,1.0628,ug/mL,0.8,1.2,0.86,1.14,.,.,.,Y,Y,Y,Y,Y,I,.,.,.,LIN,.,.,Number,SMLIMS,.,.,.,0,0
PRJU:APR14-DP-ADL,.,Immunoassay,PRDS-000560,10345152,10345152,7/23/2017 0:00,7/23/2017 0:00,7/23/2017 0:00,.,510,1.02,ug/mL,0.8,1.2,.,.,.,.,.,Y,Y,Y,Y,Y,I,.,.,.,LIN,.,.,Number,SMLIMS,.,.,.,0,
PRJU:APR14-DP-ADL,.,Immunoassay,PRDS-000436,10343959,10343959,7/24/2017 0:00,7/22/2017 0:00,7/24/2017 0:00,.,210.2,1.051,ug/mL,0.8,1.2,.,.,.,.,.,Y,Y,Y,Y,Y,I,.,.,.,LIN,.,.,Number,SMLIMS,.,.,.,0,
PRJU:APR14-DP-ADL,.,Immunoassay,PRDS-000444,10337839,10337839,7/25/2017 0:00,7/23/2017 0:00,7/25/2017 0:00,.,101.3,1.013,ug/mL,0.8,1.2,0.86,1.14,.,.,.,Y,Y,Y,Y,Y,I,.,.,.,LIN,.,.,Number,SMLIMS,.,.,.,0,0
PRJU:APR14-DP-ADL,.,Immunoassay,PRDS-000439,10343960,10343960,7/25/2017 0:00,7/23/2017 0:00,7/25/2017 0:00,.,225,1.125,ug/mL,0.8,1.2,.,.,.,.,.,Y,Y,Y,Y,Y,I,.,.,.,LIN,.,.,Number,SMLIMS,.,.,.,0,
PRJU:APR14-DP-ADL,.,Immunoassay,PRDS-000436,10343961,10343961,7/25/2017 0:00,7/23/2017 0:00,7/25/2017 0:00,.,198.9,0.9945,ug/mL,0.8,1.2,.,.,.,.,.,Y,Y,Y,Y,Y,I,.,.,.,LIN,.,.,Number,SMLIMS,.,.,.,0,
PRJU:APR14-DP-ADL,.,Immunoassay,PRDS-000438,10343962,10343962,7/25/2017 0:00,7/23/2017 0:00,7/25/2017 0:00,.,207.1,1.0355,ug/mL,0.8,1.2,0.86,1.14,.,.,.,Y,Y,Y,Y,Y,I,.,.,.,LIN,.,.,Number,SMLIMS,.,.,.,0,0
PRJU:APR14-DP-ADL,.,Immunoassay,PRDS-000446,10339982,10339982,7/26/2017 0:00,7/24/2017 0:00,7/26/2017 0:00,.,95.5,0.955,ug/mL,0.8,1.2,.,.,.,.,.,Y,Y,Y,Y,Y,I,.,.,.,LIN,.,.,Number,SMLIMS,.,.,.,0,
PRJU:APR14-DP-ADL,.,Immunoassay,PRDS-000444,10336420,10336420,7/27/2017 0:00,7/26/2017 0:00,7/27/2017 0:00,.,107,1.07,ug/mL,0.8,1.2,0.86,1.14,.,.,.,Y,Y,Y,Y,Y,I,.,.,.,LIN,.,.,Number,SMLIMS,.,.,.,0,0
PRJU:APR14-DP-ADL,.,Immunoassay,PRDS-001221,10337195,10337195,7/27/2017 0:00,7/25/2017 0:00,7/27/2017 0:00,.,215.9,1.0795,ug/mL,0.8,1.2,.,.,.,.,.,Y,Y,Y,Y,Y,I,.,.,.,LIN,.,.,Number,SMLIMS,.,.,.,0,
PRJU:APR14-DP-ADL,.,Immunoassay,PRDS-000438,10342556,10342556,7/27/2017 0:00,7/25/2017 0:00,7/27/2017 0:00,.,207.1,1.0355,ug/mL,0.8,1.2,0.86,1.14,.,.,.,Y,Y,Y,Y,Y,I,.,.,.,LIN,.,.,Number,SMLIMS,.,.,.,0,0
PRJU:APR14-DP-ADL,.,Immunoassay,PRDS-000452,10343190,10343190,8/10/2017 0:00,8/7/2017 0:00,8/10/2017 0:00,.,24.6,0.9840000000000001,ug/mL,0.8,1.2,.,.,.,.,.,Y,Y,Y,Y,Y,I,.,.,.,LIN,.,.,Number,SMLIMS,.,.,.,0,
PRJU:APR14-DP-ADL,.,Immunoassay,PRDS-000439,10344577,10344577,8/10/2017 0:00,8/8/2017 0:00,8/10/2017 0:00,.,201,1.005,ug/mL,0.8,1.2,.,.,.,.,.,Y,Y,Y,Y,Y,I,.,.,.,LIN,.,.,Number,SMLIMS,.,.,.,0,
PRJU:APR14-DP-ADL,.,Immunoassay,PRDS-000449,10336398,10336398,8/11/2017 0:00,8/9/2017 0:00,8/11/2017 0:00,.,39.7,0.9925,ug/mL,0.8,1.2,.,.,.,.,.,Y,Y,Y,Y,Y,I,.,.,.,LIN,.,.,Number,SMLIMS,.,.,.,0,
PRJU:APR14-DP-ADL,.,Immunoassay,PRDS-000560,10343040,10343040,8/5/2017 0:00,8/5/2017 0:00,8/5/2017 0:00,.,542.6,1.0852,ug/mL,0.8,1.2,.,.,.,.,.,Y,Y,Y,Y,Y,I,.,.,.,LIN,.,.,Number,SMLIMS,.,.,.,0,
PRJU:APR14-DP-ADL,.,Immunoassay,PRDS-000674,10343185,10343185,8/5/2017 0:00,8/5/2017 0:00,8/5/2017 0:00,.,525.3,1.0506,ug/mL,0.8,1.2,.,.,.,.,.,Y,Y,Y,Y,Y,I,.,.,.,LIN,.,.,Number,SMLIMS,.,.,.,0,
PRJU:APR14-DP-ADL,.,Immunoassay,PRDS-000444,10343027,10343027,8/8/2017 0:00,8/5/2017 0:00,8/8/2017 0:00,.,106.1,1.061,ug/mL,0.8,1.2,0.86,1.14,.,.,.,Y,Y,Y,Y,Y,I,.,.,.,LIN,.,.,Number,SMLIMS,.,.,.,0,0
PRJU:APR14-DP-ADL,.,Immunoassay,PRDS-000436,10343036,10343036,8/9/2017 0:00,8/6/2017 0:00,8/9/2017 0:00,.,213.1,1.0655,ug/mL,0.8,1.2,.,.,.,.,.,Y,Y,Y,Y,Y,I,.,.,.,LIN,.,.,Number,SMLIMS,.,.,.,0,
PRJU:APR14-DP-ADL,.,Immunoassay,PRDS-000439,10343193,10343193,8/9/2017 0:00,8/6/2017 0:00,8/9/2017 0:00,.,215.8,1.079,ug/mL,0.8,1.2,.,.,.,.,.,Y,Y,Y,Y,Y,I,.,.,.,LIN,.,.,Number,SMLIMS,.,.,.,0,
PRJU:APR14-DP-ADL,.,Immunoassay,PRDS-000433,10347714,10347714,9/16/2017 0:00,9/16/2017 0:00,9/16/2017 0:00,.,550.8,1.1016,ug/mL,0.8,1.2,0.86,1.14,.,.,.,Y,Y,Y,Y,Y,I,.,.,.,LIN,.,.,Number,SMLIMS,.,.,.,0,0
PRJU:APR14-DP-ADL,.,Immunoassay,PRDS-000560,10348980,10348980,9/16/2017 0:00,9/16/2017 0:00,9/16/2017 0:00,.,516.3,1.0326,ug/mL,0.8,1.2,.,.,.,.,.,Y,Y,Y,Y,Y,I,.,.,.,LIN,.,.,Number,SMLIMS,.,.,.,0,
PRJU:APR14-DP-AML,.,Immunoassay,PRDS-000757,10355947,10355947,10/27/2017 0:00,10/24/2017 0:00,10/27/2017 0:00,.,23.3,0.932,ug/mL,0.8,1.2,.,.,.,.,.,Y,Y,Y,Y,Y,I,.,.,.,LIN,.,.,Number,SMLIMS,.,.,.,0,
PRJU:APR14-DP-AML,.,Immunoassay,PRDS-000771,10355951,10355951,10/28/2017 0:00,10/27/2017 0:00,10/28/2017 0:00,.,38.5,0.9625,ug/mL,0.8,1.2,.,.,.,.,.,Y,Y,Y,Y,Y,I,.,.,.,LIN,.,.,Number,SMLIMS,.,.,.,0,
PRJU:APR14-DP-AML,.,Immunoassay,PRDS-000772,10355953,10355953,10/29/2017 0:00,10/27/2017 0:00,10/29/2017 0:00,.,52.9,0.8816666670000001,ug/mL,0.8,1.2,.,.,.,.,.,Y,Y,Y,Y,Y,I,.,.,.,LIN,.,.,Number,SMLIMS,.,.,.,0,
PRJU:APR14-DP-AML,.,Immunoassay,PRDS-000775,10348365,10348365,11/12/2017 0:00,11/8/2017 0:00,11/12/2017 0:00,.,60.8,1.013333333,ug/mL,0.8,1.2,.,.,.,.,.,Y,Y,Y,Y,Y,I,.,.,.,LIN,.,.,Number,SMLIMS,.,.,.,0,
PRJU:APR14-DP-AML,.,Immunoassay,PRDS-000447,10359337,10359337,12/10/2017 0:00,12/10/2017 0:00,12/10/2017 0:00,.,107.5,1.075,ug/mL,0.8,1.2,.,.,.,.,.,Y,Y,Y,Y,Y,I,.,.,.,LIN,.,.,Number,SMLIMS,.,.,.,0,
PRJU:APR14-DP-AML,.,Immunoassay,PRDS-000775,10357751,10357751,12/7/2017 0:00,12/2/2017 0:00,12/7/2017 0:00,.,64.1,1.068333333,ug/mL,0.8,1.2,.,.,.,.,.,Y,Y,Y,Y,Y,I,.,.,.,LIN,.,.,Number,SMLIMS,.,.,.,0,
PRJU:APR14-DP-AML,.,Immunoassay,PRDS-000772,10322029,10322029,2/10/2017 0:00,2/7/2017 0:00,2/10/2017 0:00,.,58.6,0.976666667,ug/mL,0.8,1.2,.,.,.,.,.,Y,Y,Y,Y,Y,E,.,.,.,LIN,.,.,Number,SMLIMS,.,.,.,0,
PRJU:APR14-DP-AML,.,Immunoassay,PRDS-000779,10322946,10322946,2/10/2017 0:00,2/6/2017 0:00,2/10/2017 0:00,.,310,1.033333333,ug/mL,0.8,1.2,.,.,.,.,.,Y,Y,Y,Y,Y,E,.,.,.,LIN,.,.,Number,SMLIMS,.,.,.,0,
PRJU:APR14-DP-AML,.,Immunoassay,PRDS-000757,10322026,10322026,2/11/2017 0:00,2/8/2017 0:00,2/11/2017 0:00,.,24.9,0.996,ug/mL,0.8,1.2,.,.,.,.,.,Y,Y,Y,Y,Y,E,.,.,.,LIN,.,.,Number,SMLIMS,.,.,.,0,
PRJU:APR14-DP-AML,.,Immunoassay,PRDS-000771,10322034,10322034,2/11/2017 0:00,2/7/2017 0:00,2/11/2017 0:00,.,39.9,0.9975,ug/mL,0.8,1.2,.,.,.,.,.,Y,Y,Y,Y,Y,E,.,.,.,LIN,.,.,Number,SMLIMS,.,.,.,0,
PRJU:APR14-DP-AML,.,Immunoassay,PRDS-000772,10322030,10322030,2/12/2017 0:00,2/8/2017 0:00,2/12/2017 0:00,.,58.8,0.98,ug/mL,0.8,1.2,.,.,.,.,.,Y,Y,Y,Y,Y,E,.,.,.,LIN,.,.,Number,SMLIMS,.,.,.,0,
PRJU:APR14-DP-AML,.,Immunoassay,PRDS-000772,10366315,10366315,2/2/2018 0:00,1/29/2018 0:00,2/2/2018 0:00,.,56.9,0.948333333,ug/mL,0.8,1.2,.,.,.,.,.,Y,Y,Y,Y,Y,I,.,.,.,LIN,.,.,Number,SMLIMS,.,.,.,0,
PRJU:APR14-DP-AML,.,Immunoassay,PRDS-000757,10366317,10366317,2/2/2018 0:00,1/29/2018 0:00,2/2/2018 0:00,.,24.5,0.98,ug/mL,0.8,1.2,.,.,.,.,.,Y,Y,Y,Y,Y,I,.,.,.,LIN,.,.,Number,SMLIMS,.,.,.,0,
PRJU:APR14-DP-AML,.,Immunoassay,PRDS-000672,10369416,10369416,2/26/2018 0:00,2/26/2018 0:00,2/26/2018 0:00,.,485.7,0.9714,ug/mL,0.8,1.2,.,.,.,.,.,Y,Y,Y,Y,Y,I,.,.,.,LIN,.,.,Number,SMLIMS,.,.,.,0,
PRJU:APR14-DP-AML,.,Immunoassay,PRDS-000774,10366320,10366320,2/3/2018 0:00,1/30/2018 0:00,2/3/2018 0:00,.,204.4,1.022,ug/mL,0.8,1.2,.,.,.,.,.,Y,Y,Y,Y,Y,I,.,.,.,LIN,.,.,Number,SMLIMS,.,.,.,0,
PRJU:APR14-DP-AML,.,Immunoassay,PRDS-000771,10366335,10366335,2/3/2018 0:00,1/31/2018 0:00,2/3/2018 0:00,.,40,1.0,ug/mL,0.8,1.2,.,.,.,.,.,Y,Y,Y,Y,Y,I,.,.,.,LIN,.,.,Number,SMLIMS,.,.,.,0,
PRJU:APR14-DP-AML,.,Immunoassay,PRDS-000771,10322033,10322033,2/9/2017 0:00,2/6/2017 0:00,2/9/2017 0:00,.,39.4,0.985,ug/mL,0.8,1.2,.,.,.,.,.,Y,Y,Y,Y,Y,E,.,.,.,LIN,.,.,Number,SMLIMS,.,.,.,0,
PRJU:APR14-DP-AML,.,Immunoassay,PRDS-000672,10322078,10322078,3/14/2017 0:00,3/14/2017 0:00,3/14/2017 0:00,.,571.3,1.1426,ug/mL,0.8,1.2,.,.,.,.,.,Y,Y,Y,Y,Y,E,.,.,.,LIN,.,.,Number,SMLIMS,.,.,.,0,
PRJU:APR14-DP-AML,.,Immunoassay,PRDS-000775,10321907,10321907,3/2/2017 0:00,2/14/2017 0:00,3/2/2017 0:00,.,66.7,1.111666667,ug/mL,0.8,1.2,.,.,.,.,.,Y,Y,Y,Y,Y,E,.,.,.,LIN,.,.,Number,SMLIMS,.,.,.,0,
PRJU:APR14-DP-AML,.,Immunoassay,PRDS-000447,10371042,10371042,3/22/2018 0:00,3/22/2018 0:00,3/22/2018 0:00,.,113.6,1.136,ug/mL,0.8,1.2,.,.,.,.,.,Y,Y,Y,Y,Y,I,.,.,.,LIN,.,.,Number,SMLIMS,.,.,.,0,
PRJU:APR14-DP-AML,.,Immunoassay,PRDS-000757,10371046,10371046,3/22/2018 0:00,3/22/2018 0:00,3/22/2018 0:00,.,27.1,1.084,ug/mL,0.8,1.2,.,.,.,.,.,Y,Y,Y,Y,Y,I,.,.,.,LIN,.,.,Number,SMLIMS,.,.,.,0,
PRJU:APR14-DP-AML,.,Immunoassay,PRDS-000775,10367137,10367137,3/26/2018 0:00,3/26/2018 0:00,3/26/2018 0:00,.,63.6,1.06,ug/mL,0.8,1.2,.,.,.,.,.,Y,Y,Y,Y,Y,I,.,.,.,LIN,.,.,Number,SMLIMS,.,.,.,0,
PRJU:APR14-DP-AML,.,Immunoassay,PRDS-000757,10324451,10324451,3/29/2017 0:00,3/29/2017 0:00,3/29/2017 0:00,.,27.7,1.1079999999999999,ug/mL,0.8,1.2,.,.,.,.,.,Y,Y,Y,Y,Y,E,.,.,.,LIN,.,.,Number,SMLIMS,.,.,.,0,
PRJU:APR14-DP-AML,.,Immunoassay,PRDS-000772,10324458,10324458,3/30/2017 0:00,3/30/2017 0:00,3/30/2017 0:00,.,70.2,1.17,ug/mL,0.8,1.2,.,.,.,.,.,Y,Y,Y,Y,Y,E,.,.,.,LIN,.,.,Number,SMLIMS,.,.,.,0,
PRJU:APR14-DP-AML,.,Immunoassay,PRDS-000775,10327751,10327751,3/5/2017 0:00,3/5/2017 0:00,3/5/2017 0:00,.,68.4,1.14,ug/mL,0.8,1.2,.,.,.,.,.,Y,Y,Y,Y,Y,E,.,.,.,LIN,.,.,Number,SMLIMS,.,.,.,0,
PRJU:APR14-DP-AML,.,Immunoassay,PRDS-000447,10328609,10328609,4/5/2017 0:00,4/3/2017 0:00,4/5/2017 0:00,.,113,1.13,ug/mL,0.8,1.2,.,.,.,.,.,Y,Y,Y,Y,Y,E,.,.,.,LIN,.,.,Number,SMLIMS,.,.,.,0,
PRJU:APR14-DP-AML,.,Immunoassay,PRDS-000757,10390980,10390980,6/5/2018 0:00,5/25/2018 0:00,6/5/2018 0:00,.,27,1.08,ug/mL,0.8,1.2,.,.,.,.,.,Y,Y,Y,Y,Y,I,.,.,.,LIN,.,.,Number,SMLIMS,.,.,.,0,
PRJU:APR14-DP-AML,.,Immunoassay,PRDS-000672,10396233,10396233,6/5/2018 0:00,6/5/2018 0:00,6/5/2018 0:00,.,567.2,1.1344,ug/mL,0.8,1.2,.,.,.,.,.,Y,Y,Y,Y,Y,I,.,.,.,LIN,.,.,Number,SMLIMS,.,.,.,0,
PRJU:APR14-DP-AML,.,Immunoassay,PRDS-000772,10396218,10396218,6/8/2018 0:00,6/8/2018 0:00,6/8/2018 0:00,.,63.7,1.0616666670000001,ug/mL,0.8,1.2,.,.,.,.,.,Y,Y,Y,Y,Y,I,.,.,.,LIN,.,.,Number,SMLIMS,.,.,.,0,
PRJU:APR14-DP-AML,.,Immunoassay,PRDS-000447,10396219,10396219,6/8/2018 0:00,6/8/2018 0:00,6/8/2018 0:00,.,109.9,1.099,ug/mL,0.8,1.2,.,.,.,.,.,Y,Y,Y,Y,Y,I,.,.,.,LIN,.,.,Number,SMLIMS,.,.,.,0,
PRJU:APR14-DP-AML,.,Immunoassay,PRDS-000775,10344692,10344692,8/11/2017 0:00,8/9/2017 0:00,8/11/2017 0:00,.,61.2,1.02,ug/mL,0.8,1.2,.,.,.,.,.,Y,Y,Y,Y,Y,I,.,.,.,LIN,.,.,Number,SMLIMS,.,.,.,0,
